<?xml version="1.0" ?>
<game id="TheForest" extends="GenericUnityGame">
  <name>The Forest</name>
  <steamAppID>242760</steamAppID>
  <selectFile>TheForest.exe</selectFile>
  <excludeNamespace>ManagedSteam*</excludeNamespace>
  <excludeNamespace>HutongGames.PlayMaker*</excludeNamespace>
  <excludeType>DemoEnemy</excludeType>
  <excludeType>DemoEnemyWithLOS</excludeType>
  <excludeType>DemoSeeker</excludeType>
  <excludeType>DemoTurret</excludeType>
  <excludeType>Car*</excludeType>
  <searchPath>%$REGISTRY:HKEY_CURRENT_USER\Software\Valve\Steam\SteamPath%\SteamApps\common\The Forest</searchPath>
  <searchPath>%$REGISTRY:HKEY_CURRENT_USER\Software\Valve\Steam\SourceModInstallPath%\..\common\The Forest</searchPath>
  <copyAssembly>%fileBase%_data/Managed/Boo.Lang.dll</copyAssembly>
  <copyAssembly>%fileBase%_data/Managed/Mono.Posix.dll</copyAssembly>
  <copyAssembly>%fileBase%_data/Managed/Mono.Security.dll</copyAssembly>
  <copyAssembly>%fileBase%_data/Managed/mscorlib.dll</copyAssembly>
  <copyAssembly>%fileBase%_data/Managed/Pathfinding.ClipperLib.dll</copyAssembly>
  <copyAssembly>%fileBase%_data/Managed/Pathfinding.Ionic.Zip.Reduced.dll</copyAssembly>
  <copyAssembly>%fileBase%_data/Managed/Pathfinding.JsonFx.dll</copyAssembly>
  <copyAssembly>%fileBase%_data/Managed/Pathfinding.Poly2Tri.dll</copyAssembly>
  <copyAssembly>%fileBase%_data/Managed/PlayMaker.dll</copyAssembly>
  <copyAssembly>%fileBase%_data/Managed/Rewired_Core.dll</copyAssembly>
  <copyAssembly>%fileBase%_data/Managed/System.Configuration.dll</copyAssembly>
  <copyAssembly>%fileBase%_data/Managed/System.Core.dll</copyAssembly>
  <copyAssembly>%fileBase%_data/Managed/System.dll</copyAssembly>
  <copyAssembly>%fileBase%_data/Managed/System.Security.dll</copyAssembly>
  <copyAssembly>%fileBase%_data/Managed/System.Xml.dll</copyAssembly>
  <copyAssembly>%fileBase%_data/Managed/TheForest.Commons.dll</copyAssembly>
  <copyAssembly>%fileBase%_data/Managed/TheForest.Modding.dll</copyAssembly>
  <copyAssembly>%fileBase%_data/Managed/UnityEngine.dll</copyAssembly>
  <copyAssembly>%fileBase%_data/Managed/UnityEngine.Networking.dll</copyAssembly>
  <copyAssembly>%fileBase%_data/Managed/UnityEngine.UI.dll</copyAssembly>
  <copyAssembly>%fileBase%_data/Managed/UnityScript.Lang.dll</copyAssembly>
  <copyAssembly>%fileBase%_data/Managed/udpkit.dll</copyAssembly>
  <copyAssembly>%fileBase%_data/Managed/udpkit.common.dll</copyAssembly>
  <noFamily>OVRCamera</noFamily>
  <noFamily>OVRCameraController</noFamily>
  <noFamily>ObservedList*</noFamily>
  <noFamily>Pathfinding.MineBotAI</noFamily>
</game>